{
    "train_accuracy": [
        0.3914285714285714,
        0.7771428571428571,
        0.8428571428571429,
        0.8728571428571429,
        0.9157142857142857,
        0.9357142857142857,
        0.94,
        0.96,
        0.9685714285714285,
        0.9642857142857143,
        0.9528571428571428,
        0.9714285714285714,
        0.9742857142857143,
        0.9757142857142858,
        0.9771428571428571,
        0.9814285714285714,
        0.9714285714285714,
        0.9828571428571429,
        0.9728571428571429,
        0.9828571428571429
    ],
    "train_precision_macro": [
        0.48112561751115795,
        0.7882691782107236,
        0.8460118753168283,
        0.8743851469142792,
        0.9157314890575261,
        0.9362658706968169,
        0.9407314207493999,
        0.9613130503316775,
        0.9688408325067573,
        0.9645242955316439,
        0.9538055569217654,
        0.9722498586288977,
        0.9746154639437445,
        0.9759914059520522,
        0.9775489499483958,
        0.9817583426260302,
        0.9715126776231692,
        0.9831712700263523,
        0.9731001210182362,
        0.9829541427670501
    ],
    "train_recall_macro": [
        0.39142857142857146,
        0.7771428571428571,
        0.8428571428571427,
        0.872857142857143,
        0.9157142857142858,
        0.9357142857142857,
        0.9400000000000001,
        0.96,
        0.9685714285714286,
        0.9642857142857144,
        0.9528571428571428,
        0.9714285714285713,
        0.9742857142857144,
        0.9757142857142858,
        0.9771428571428572,
        0.9814285714285715,
        0.9714285714285715,
        0.9828571428571429,
        0.972857142857143,
        0.9828571428571429
    ],
    "train_f1_macro": [
        0.39184155956201644,
        0.777608551238228,
        0.8427474196370099,
        0.8726951121506907,
        0.9153050340179958,
        0.9356173012877991,
        0.9399477382230985,
        0.9601022601216685,
        0.9685557816619795,
        0.9643140524283161,
        0.9528161978788207,
        0.9715491425537749,
        0.9743223318166662,
        0.9757318359559394,
        0.9771677232644642,
        0.9814458735548985,
        0.9713005091852844,
        0.9828641424856451,
        0.972799802279557,
        0.9828139568757542
    ],
    "train_loss": [
        2.0039536627856167,
        1.1136921427466653,
        0.6889323104511608,
        0.5117612995884635,
        0.3850576803088188,
        0.2998671125281941,
        0.26598286865787074,
        0.21183104237372224,
        0.16522635146975517,
        0.17223792252215472,
        0.19218030233274808,
        0.1704671521755782,
        0.13346482847224583,
        0.11425065367736599,
        0.12034566090865569,
        0.10861450789326971,
        0.1323352176696062,
        0.09554331427948042,
        0.10783007283779708,
        0.10001180405643853
    ],
    "val_accuracy": [
        0.57,
        0.72,
        0.79,
        0.79,
        0.8,
        0.8,
        0.79,
        0.8,
        0.77,
        0.79,
        0.77,
        0.77,
        0.79,
        0.75,
        0.76,
        0.78,
        0.77,
        0.76,
        0.79,
        0.77
    ],
    "val_precision_macro": [
        0.7220337995337995,
        0.7372871572871572,
        0.7913267288267288,
        0.7908585858585859,
        0.7991919191919192,
        0.8057323232323231,
        0.802943722943723,
        0.8140223665223665,
        0.7727272727272727,
        0.8048196248196249,
        0.7948504273504274,
        0.7766117216117217,
        0.8034021534021534,
        0.763933843933844,
        0.7693967143967144,
        0.783953823953824,
        0.7769841269841271,
        0.7736191586191585,
        0.8098096348096349,
        0.7822555222555223
    ],
    "val_recall_macro": [
        0.5700000000000001,
        0.72,
        0.79,
        0.79,
        0.8,
        0.8,
        0.79,
        0.8000000000000002,
        0.77,
        0.79,
        0.77,
        0.77,
        0.79,
        0.75,
        0.76,
        0.78,
        0.77,
        0.76,
        0.79,
        0.77
    ],
    "val_f1_macro": [
        0.5862441611274564,
        0.7112454264002253,
        0.7864366119514862,
        0.7885099111414902,
        0.7987969924812031,
        0.7988828130933394,
        0.7855457516339868,
        0.7991429554277851,
        0.7649379129642286,
        0.7861601195502124,
        0.7710113723042784,
        0.7652659044340293,
        0.7889485785299488,
        0.7485699037953715,
        0.7581491821470284,
        0.7754727281662266,
        0.7674207801142786,
        0.75786973439955,
        0.7877003939360919,
        0.7674801240099396
    ],
    "val_loss": [
        1.6094800233840942,
        1.0205044895410538,
        0.7598315626382828,
        0.7248355597257614,
        0.7334336191415787,
        0.7534764111042023,
        0.6348725035786629,
        0.7023452967405319,
        0.8309769779443741,
        0.6318731755018234,
        0.6579353511333466,
        0.6975236684083939,
        0.698028028011322,
        0.628509171307087,
        0.6171958819031715,
        0.6007687300443649,
        0.60379409044981,
        0.6036264523863792,
        0.6266804188489914,
        0.6064589098095894
    ],
    "epochs": [
        0,
        1,
        2,
        3,
        4,
        5,
        6,
        7,
        8,
        9,
        10,
        11,
        12,
        13,
        14,
        15,
        16,
        17,
        18,
        19
    ],
    "best_epoch": 15
}