{
    "train_accuracy": [
        0.21571428571428572,
        0.6042857142857143,
        0.7571428571428571,
        0.7885714285714286,
        0.8357142857142857,
        0.8742857142857143,
        0.8985714285714286,
        0.9214285714285714,
        0.94,
        0.9357142857142857,
        0.9328571428571428,
        0.96,
        0.96,
        0.9657142857142857,
        0.9571428571428572,
        0.97,
        0.9571428571428572,
        0.9757142857142858,
        0.9671428571428572,
        0.9642857142857143,
        0.9657142857142857,
        0.9757142857142858,
        0.9714285714285714,
        0.9628571428571429,
        0.9742857142857143,
        0.9514285714285714,
        0.9728571428571429,
        0.9714285714285714,
        0.9728571428571429,
        0.9614285714285714,
        0.9657142857142857,
        0.9771428571428571
    ],
    "train_precision_macro": [
        0.2940585611739347,
        0.6768221259345868,
        0.7734625475332191,
        0.7995210298162223,
        0.8390862733899155,
        0.8766010308638096,
        0.9013129781001161,
        0.9229170734736831,
        0.9416293791965777,
        0.9361977404842532,
        0.9339487113284667,
        0.9607906145099646,
        0.9608219911056504,
        0.9658763453028658,
        0.9576997891927972,
        0.9713445699070041,
        0.9571809464501685,
        0.9759506556245686,
        0.9674547867637001,
        0.9648544021108231,
        0.9664568455732901,
        0.9762421345349734,
        0.9716611283864806,
        0.963344799141708,
        0.9743816493733644,
        0.9523645585829945,
        0.9733295199248527,
        0.9716084915288835,
        0.9736836338689123,
        0.9616770546543624,
        0.9661863249735128,
        0.9777552241553898
    ],
    "train_recall_macro": [
        0.2157142857142857,
        0.6042857142857143,
        0.7571428571428571,
        0.7885714285714286,
        0.8357142857142857,
        0.8742857142857142,
        0.8985714285714286,
        0.9214285714285715,
        0.9400000000000001,
        0.9357142857142857,
        0.9328571428571429,
        0.96,
        0.96,
        0.9657142857142859,
        0.9571428571428571,
        0.9700000000000001,
        0.9571428571428571,
        0.9757142857142858,
        0.9671428571428571,
        0.9642857142857144,
        0.9657142857142856,
        0.9757142857142858,
        0.9714285714285715,
        0.962857142857143,
        0.9742857142857144,
        0.9514285714285714,
        0.972857142857143,
        0.9714285714285715,
        0.972857142857143,
        0.9614285714285714,
        0.9657142857142856,
        0.9771428571428572
    ],
    "train_f1_macro": [
        0.1996770060891941,
        0.6037393239808451,
        0.7571066276374037,
        0.7885526265655797,
        0.8355313225332324,
        0.8741847849030207,
        0.8987108536430506,
        0.9212951000272961,
        0.9399599289178294,
        0.9356874971476878,
        0.932650726379739,
        0.959960037538516,
        0.9599724946439508,
        0.9656779751036219,
        0.9570880962770245,
        0.9702012866358949,
        0.957015827529607,
        0.9757633529253932,
        0.9671260686421652,
        0.9643018032442379,
        0.9657615995799238,
        0.9757478832634693,
        0.9713928378089911,
        0.9628253133959574,
        0.9742635461241083,
        0.9515226805684955,
        0.9728901725793367,
        0.9714682204282828,
        0.9729586562633994,
        0.9614140648866542,
        0.9657139903227259,
        0.9771216253805786
    ],
    "train_loss": [
        2.202516263181513,
        1.7802811590108005,
        1.3285435221411965,
        0.9879854348572817,
        0.7707746909423308,
        0.6178675036538731,
        0.5278050154447556,
        0.42030392519452353,
        0.35241195085373794,
        0.3259326226331971,
        0.32285930758172815,
        0.26131766018542374,
        0.22525162588466296,
        0.20097618753259833,
        0.20848198201168666,
        0.19767372073097664,
        0.21921308812769977,
        0.1763953993266279,
        0.18294974382628093,
        0.18095377527854659,
        0.18264422633431174,
        0.16796591200611807,
        0.1707348513670943,
        0.19885606386444785,
        0.17662775042382153,
        0.20284587415781888,
        0.1944622830911116,
        0.17387406121600757,
        0.18334675885059618,
        0.20534519851207733,
        0.17052815007892522,
        0.1577932827851989
    ],
    "val_accuracy": [
        0.42,
        0.62,
        0.71,
        0.72,
        0.75,
        0.76,
        0.76,
        0.78,
        0.77,
        0.79,
        0.78,
        0.78,
        0.79,
        0.8,
        0.78,
        0.82,
        0.79,
        0.81,
        0.82,
        0.81,
        0.82,
        0.8,
        0.8,
        0.8,
        0.79,
        0.8,
        0.79,
        0.81,
        0.82,
        0.79,
        0.8,
        0.8
    ],
    "val_precision_macro": [
        0.481887031408308,
        0.6797810033104151,
        0.7376434676434676,
        0.7364590964590965,
        0.7517307692307693,
        0.7627156177156177,
        0.7573989898989899,
        0.7973737373737373,
        0.7727816627816628,
        0.7917859917859917,
        0.786984126984127,
        0.7841369741369741,
        0.7941919191919192,
        0.8004040404040405,
        0.781969696969697,
        0.8236940836940837,
        0.7887373737373738,
        0.8134343434343435,
        0.8245565545565545,
        0.8102525252525252,
        0.8236940836940837,
        0.8022261072261072,
        0.8016200466200466,
        0.8015151515151515,
        0.7922261072261072,
        0.80505772005772,
        0.791969696969697,
        0.8116200466200466,
        0.8245565545565545,
        0.7894483294483295,
        0.8022294372294374,
        0.8022261072261072
    ],
    "val_recall_macro": [
        0.42000000000000004,
        0.62,
        0.71,
        0.72,
        0.75,
        0.76,
        0.7600000000000001,
        0.78,
        0.77,
        0.79,
        0.78,
        0.78,
        0.79,
        0.8,
        0.78,
        0.8200000000000001,
        0.79,
        0.8100000000000002,
        0.8200000000000001,
        0.8100000000000002,
        0.8200000000000001,
        0.8,
        0.8,
        0.8,
        0.79,
        0.8,
        0.79,
        0.8100000000000002,
        0.8200000000000001,
        0.79,
        0.8,
        0.8
    ],
    "val_f1_macro": [
        0.40289412256130525,
        0.6239576213260424,
        0.706428396225004,
        0.717882883213614,
        0.7464001571781893,
        0.7570214072731235,
        0.7550816435026962,
        0.7772626642363486,
        0.7626966295845014,
        0.7851170299615582,
        0.7744138755980862,
        0.777646097340538,
        0.7900888585099112,
        0.7985964912280702,
        0.7790362269309636,
        0.817412113170627,
        0.78585326953748,
        0.8081408065618593,
        0.8172690678101905,
        0.8073000683526999,
        0.817412113170627,
        0.797683338781737,
        0.7970317097090552,
        0.7976076555023923,
        0.787683338781737,
        0.7984966426762092,
        0.7890362269309638,
        0.8070317097090551,
        0.8172690678101905,
        0.7859289528168247,
        0.7967923820245801,
        0.797683338781737
    ],