{
    "train_accuracy": [
        0.5079365079365079,
        0.7492063492063492,
        0.819047619047619,
        0.8380952380952381,
        0.8857142857142857,
        0.9111111111111111,
        0.9142857142857143,
        0.9333333333333333,
        0.9396825396825397,
        0.9365079365079365,
        0.9285714285714286,
        0.9301587301587302,
        0.9238095238095239,
        0.9555555555555556,
        0.9587301587301588,
        0.9555555555555556,
        0.9650793650793651,
        0.9682539682539683,
        0.9619047619047619,
        0.9619047619047619,
        0.9603174603174603,
        0.9587301587301588,
        0.9634920634920635,
        0.9587301587301588,
        0.9809523809523809,
        0.9571428571428572
    ],
    "train_precision_macro": [
        0.5175798581080273,
        0.7543381912299494,
        0.8207024461219132,
        0.8410904916308167,
        0.8866299779539762,
        0.9123875876122526,
        0.914131146510204,
        0.9341071399502969,
        0.9397029878877767,
        0.9372048666578398,
        0.9292489243902458,
        0.9311348597514678,
        0.9240206584973271,
        0.95728871208115,
        0.9596326258652773,
        0.9561835991069862,
        0.9660930864166047,
        0.9681549622156445,
        0.9626006097591826,
        0.9630764597732853,
        0.961574403673764,
        0.9587816012796182,
        0.9636790457721283,
        0.9595534634588045,
        0.9811179792429792,
        0.9575817867449576
    ],
    "train_recall_macro": [
        0.5077735206579073,
        0.7497578018007023,
        0.8192728079363789,
        0.8375911792024299,
        0.8855792620916894,
        0.9107695782315692,
        0.9142385066238186,
        0.9332578111228628,
        0.9395678543098891,
        0.936707018908731,
        0.9285307343150416,
        0.9302336175744756,
        0.9236950797637935,
        0.9553192797529458,
        0.9587011773040992,
        0.9557763452724783,
        0.9650519074834915,
        0.968202467152097,
        0.9620312266945993,
        0.9620759434026225,
        0.9601617606679411,
        0.9587837080841775,
        0.963721779278363,
        0.9592304344804676,
        0.9809898947782344,
        0.9573644812133046
    ],
    "train_f1_macro": [
        0.5068660952116735,
        0.7500346158570743,
        0.8192029071399896,
        0.8375787821808119,
        0.8848795947284233,
        0.9111724336119851,
        0.9140434904325376,
        0.9333670026891093,
        0.9393834424280112,
        0.9365970776049123,
        0.9284813870136188,
        0.9301602608872293,
        0.9233130774082502,
        0.9556894191867158,
        0.9588914971539545,
        0.9555324649431836,
        0.9652809944250844,
        0.9681064270855076,
        0.9620381107351031,
        0.9620162450272071,
        0.9603042867722171,
        0.9586335279723304,
        0.9634552689783137,
        0.9591104699702988,
        0.9809418871943183,
        0.9573448705949875
    ],
    "train_loss": [
        1.5060380160808564,
        0.8081491708755493,
        0.5636924743652344,
        0.5133492171764373,
        0.38114671111106874,
        0.29733194708824157,
        0.2702847719192505,
        0.26029453352093695,
        0.19968091659247875,
        0.2356371983885765,
        0.21108539402484894,
        0.25662665963172915,
        0.2672417894005775,
        0.18328557573258877,
        0.14439220912754536,
        0.16027852818369864,
        0.12100183740258216,
        0.11427037697285414,
        0.12846190370619298,
        0.1213072657585144,
        0.13815673664212227,
        0.11572191640734672,
        0.1188359133899212,
        0.12246993333101272,
        0.07882233336567879,
        0.134180511161685
    ],
    "val_accuracy": [
        0.54,
        0.47,
        0.67,
        0.64,
        0.65,
        0.72,
        0.71,
        0.62,
        0.74,
        0.74,
        0.74,
        0.72,
        0.79,
        0.83,
        0.81,
        0.82,
        0.82,
        0.82,
        0.82,
        0.83,
        0.84,
        0.85,
        0.84,
        0.84,
        0.84,
        0.83
    ],
    "val_precision_macro": [
        0.49538239538239537,
        0.5395873015873016,
        0.6774991674991675,
        0.6674505559799677,
        0.6920651080945198,
        0.7693642468642469,
        0.7311373348873349,
        0.6377020202020203,
        0.7722358197358197,
        0.7875956937799043,
        0.7731944444444444,
        0.750467032967033,
        0.806976911976912,
        0.8438267288267289,
        0.8337473637473638,
        0.8382467532467534,
        0.8333372183372184,
        0.8333372183372184,
        0.8293939393939395,
        0.8371717171717172,
        0.8497041847041847,
        0.8601082251082252,
        0.8501515151515152,
        0.8501515151515152,
        0.8501515151515152,
        0.8397474747474748
    ],
    "val_recall_macro": [
        0.54,
        0.47000000000000003,
        0.6700000000000002,
        0.64,
        0.65,
        0.72,
        0.7100000000000001,
        0.62,
        0.7400000000000001,
        0.74,
        0.74,
        0.72,
        0.79,
        0.8300000000000001,
        0.8100000000000002,
        0.82,
        0.82,
        0.82,
        0.82,
        0.8299999999999998,
        0.8400000000000001,
        0.85,
        0.8400000000000001,
        0.8400000000000001,
        0.8400000000000001,
        0.8299999999999998
    ],
    "val_f1_macro": [
        0.4895864476917108,
        0.43984882528966524,
        0.6579153980432754,
        0.6113893387314441,
        0.6483292125531996,
        0.7217253239275047,
        0.6961086358340361,
        0.6152380952380951,
        0.7364501305965837,
        0.7453726793472709,
        0.7420832461312338,
        0.7195604639747862,
        0.7908543551391849,
        0.8297890214958461,
        0.8095404053029573,
        0.8173349036584332,
        0.81689253601725,
        0.81689253601725,
        0.81994227994228,
        0.8294744436849701,
        0.8391102980267068,
        0.8497118017861052,
        0.8372945621629831,
        0.8372945621629831,
        0.8372945621629831,
        0.8266930584035848
    ],
    "val_loss": [
        3.5032882690429688,
        3.951159119606018,
        1.4300360083580017,
        1.6843483448028564,
        1.2492151260375977,
        1.0432200133800507,
        1.1547027826309204,
        1.0815226137638092,
        0.9518874287605286,
        0.9956424236297607,
        1.0041264295578003,
        1.0624403357505798,
        0.8178967535495758,
        0.7558038234710693,
        0.7691106498241425,
        0.7308509349822998,
        0.7342473268508911,
        0.7282411456108093,
        0.731998860836029,
        0.7188688218593597,
        0.7099459767341614,
        0.6993122100830078,
        0.7046085000038147,
        0.7081246674060822,
        0.7072069048881531,
        0.7031375169754028
    ],
    "epochs": [
        0,
        1,
        2,
        3,
        4,
        5,
        6,
        7,
        8,
        9,
        10,
        11,
        12,
        13,
        14,
        15,
        16,
        17,
        18,
        19,
        20,
        21,
        22,
        23,
        24,
        25
    ],
    "best_epoch": 21
}