train_loss,train_acc,test_loss,test_acc
2.1508877277374268,0.2875,1.8194058963230677,0.44642857142857145
0.9744009017944336,0.94375,1.158735181604113,0.6473214285714286
