{
    "train_accuracy": [
        0.2714285714285714,
        0.6985714285714286,
        0.7871428571428571,
        0.8314285714285714,
        0.8728571428571429,
        0.9114285714285715,
        0.9271428571428572,
        0.9342857142857143,
        0.9471428571428572,
        0.9457142857142857,
        0.9371428571428572,
        0.9542857142857143,
        0.9571428571428572,
        0.9571428571428572,
        0.9642857142857143,
        0.96
    ],
    "train_precision_macro": [
        0.2786800322547916,
        0.7166084145092209,
        0.7941157321973145,
        0.8333303602096171,
        0.8734208965252044,
        0.9125089106629035,
        0.9285390679719441,
        0.9351095001870735,
        0.9475618962051084,
        0.946400579318202,
        0.9380613501851028,
        0.9546977733475576,
        0.958021526332244,
        0.9573279830954956,
        0.9647255009896464,
        0.9608691041533257
    ],
    "train_recall_macro": [
        0.2714285714285714,
        0.6985714285714286,
        0.7871428571428571,
        0.8314285714285715,
        0.872857142857143,
        0.9114285714285714,
        0.9271428571428573,
        0.9342857142857144,
        0.9471428571428572,
        0.9457142857142857,
        0.9371428571428572,
        0.9542857142857143,
        0.9571428571428571,
        0.9571428571428571,
        0.9642857142857144,
        0.96
    ],
    "train_f1_macro": [
        0.258963813637321,
        0.695921195099344,
        0.7858732643613757,
        0.8308593721493576,
        0.8726233913653804,
        0.9116206267721768,
        0.9274021672340282,
        0.9342186592000843,
        0.9470892373662625,
        0.9458564655461584,
        0.9370547562319583,
        0.9543069895968159,
        0.9572286914184425,
        0.9570433458451149,
        0.9642979124848973,
        0.9600766197129691
    ],
    "train_loss": [
        2.1306382309306753,
        1.4647179191762751,
        0.9373254477977753,
        0.6643585779450156,
        0.4891802682117982,
        0.35836092789064755,
        0.2987335381860083,
        0.24626213312149048,
        0.1972786130552942,
        0.20550142127004536,
        0.2291821021247994,
        0.17844649709083818,
        0.1740948442708362,
        0.14927386763420972,
        0.14682252535765822,
        0.14681698178703134
    ],
    "val_accuracy": [
        0.61,
        0.71,
        0.76,
        0.8,
        0.8,
        0.8,
        0.8,
        0.81,
        0.82,
        0.83,
        0.82,
        0.84,
        0.8,
        0.85,
        0.84,
        0.84
    ],
    "val_precision_macro": [
        0.6458333333333334,
        0.7589822595704948,
        0.787123987123987,
        0.8163311688311689,
        0.8118614718614718,
        0.8210742035742035,
        0.8111643911643911,
        0.8392482517482518,
        0.8475427350427351,
        0.8572582972582973,
        0.8393512043512044,
        0.8596095571095571,
        0.8110275835275835,
        0.852247474747475,
        0.8433866133866135,
        0.8433866133866135
    ],
    "val_recall_macro": [
        0.61,
        0.71,
        0.76,
        0.8,
        0.8,
        0.8,
        0.8,
        0.8099999999999999,
        0.82,
        0.8300000000000001,
        0.8200000000000001,
        0.8400000000000001,
        0.8,
        0.85,
        0.8400000000000001,
        0.8400000000000001
    ],
    "val_f1_macro": [
        0.6047496526521294,
        0.7017623981339152,
        0.7555791653045658,
        0.7981673881673882,
        0.800243411559201,
        0.8027464149795553,
        0.7976852326118714,
        0.8159623269597696,
        0.8249728405334812,
        0.8337898668239225,
        0.819785478576702,
        0.8431602392014291,
        0.7963410337437798,
        0.8467555251765777,
        0.8357294965694482,
        0.8357294965694482
    ],
    "val_loss": [
        1.7593457400798798,
        1.1769898533821106,
        0.8391217291355133,
        0.7309447303414345,
        0.6973871737718582,
        0.6818647980690002,
        0.6903897821903229,
        0.6847923845052719,
        0.6074212342500687,
        0.6089120134711266,
        0.5804226249456406,
        0.5420364141464233,
        0.5676939114928246,
        0.5441832020878792,
        0.6112719252705574,
        0.5968789085745811
    ],
    "epochs": [
        0,
        1,
        2,
        3,
        4,
        5,
        6,
        7,
        8,
        9,
        10,
        11,
        12,
        13,
        14,
        15
    ],
    "best_epoch": 11
}