train_loss,train_acc,test_loss,test_acc
2.175928497314453,0.25625,1.7866968257086617,0.5044642857142857
0.9733616828918457,0.95625,1.08649799653462,0.6651785714285714
