{
    "train_accuracy": [
        0.4585714285714286,
        0.8,
        0.8685714285714285,
        0.8842857142857142,
        0.9142857142857143,
        0.9228571428571428,
        0.9385714285714286,
        0.9385714285714286,
        0.9585714285714285,
        0.9457142857142857
    ],
    "train_precision_macro": [
        0.48037359620260844,
        0.8042220147972318,
        0.8699991120786482,
        0.8856539162936695,
        0.9147057467477909,
        0.9236445322232726,
        0.9395525643397589,
        0.9392016271083954,
        0.959114617774277,
        0.9466479973504589
    ],
    "train_recall_macro": [
        0.4585714285714285,
        0.8,
        0.8685714285714285,
        0.8842857142857143,
        0.9142857142857143,
        0.9228571428571429,
        0.9385714285714286,
        0.9385714285714286,
        0.9585714285714285,
        0.9457142857142857
    ],
    "train_f1_macro": [
        0.4551394127021653,
        0.8001650126567268,
        0.8678476890476945,
        0.8845173089952331,
        0.913946572060107,
        0.9225880477633058,
        0.9386872575628773,
        0.9384336763586093,
        0.9585776886005254,
        0.9457489924366327
    ],
    "train_loss": [
        1.838207326152108,
        0.8166018141941591,
        0.4659561040726575,
        0.3845338164405389,
        0.31584576348012144,
        0.2772887931628661,
        0.22897054492072624,
        0.21654264120893044,
        0.16328505562110382,
        0.1837757366963408
    ],
    "val_accuracy": [
        0.74,
        0.77,
        0.76,
        0.81,
        0.84,
        0.83,
        0.82,
        0.77,
        0.79,
        0.84
    ],
    "val_precision_macro": [
        0.8166686091686092,
        0.7956196581196581,
        0.7905483405483406,
        0.8267676767676768,
        0.8576159951159952,
        0.8381099456099456,
        0.8401087801087801,
        0.7923504273504274,
        0.8494011544011544,
        0.8550654900654902
    ],
    "val_recall_macro": [
        0.74,
        0.77,
        0.76,
        0.8100000000000002,
        0.8400000000000001,
        0.8300000000000001,
        0.82,
        0.77,
        0.79,
        0.8399999999999999
    ],
    "val_f1_macro": [
        0.7469740591888929,
        0.7589775213345008,
        0.7645052917498738,
        0.8090100250626566,
        0.838812815189178,
        0.8248075888007238,
        0.8248219595722623,
        0.7716286239896417,
        0.8014886815970407,
        0.8415383048025395
    ],
    "val_loss": [
        1.1266046166419983,
        0.8399180993437767,
        0.6921717673540115,
        0.6320369876921177,
        0.6551679447293282,
        0.5510500483214855,
        0.6485002562403679,
        0.6431246399879456,
        0.7204194441437721,
        0.5581726208329201
    ],
    "epochs": [
        0,
        1,
        2,
        3,
        4,
        5,
        6,
        7,
        8,
        9
    ],
    "best_epoch": 5
}